song_name,artist,album,danceability,energy,key,loudness,mode,speechiness,acousticness,instrumentalness,liveness,valence,tempo,duration_ms,song_popularity,artist_genres,artist_popularity,artist_followers,release_year
Matador,Onda Sabanera,Lluvia de Exitos/Cumbia Hasta las Manos,0.851,0.843,11,-3.634,0,0.0447,0.255,0.000667,0.163,0.964,96.034,197120,44,['cumbia villera'],45,68434,2007
Matador - Remasterizado 2008,Los Fabulosos Cadillacs,Vasos Vacíos,0.543,0.962,4,-5.337,0,0.106,0.0274,0.027,0.09,0.639,193.66,275893,60,"['argentine rock', ' latin alternative', ' latin rock', ' rock en espanol', ' ska argentino']",67,2633939,1993
El Campanero,Onda Sabanera,Lluvia de Exitos/Cumbia Hasta las Manos,0.595,0.749,7,-6.627,1,0.0702,0.0216,0.0,0.244,0.888,192.579,283333,46,['cumbia villera'],45,68434,2007
Chacarera Del Sufrido,Raly Barrionuevo,El Sueño De Los Viajeros,0.682,0.629,4,-10.538,1,0.128,0.497,2.83e-05,0.426,0.696,78.749,155933,43,"['argentine rock', ' folclore santiagueno', ' folklore argentino', ' rock en espanol', ' rock nacional']",51,169413,2015
Cacique Yatel,Rubén Patagonia,La Historia - 2da Parte,0.543,0.557,9,-8.672,0,0.0908,0.383,1.04e-05,0.0837,0.401,81.926,233800,30,['folklore argentino'],25,5212,2006
Chacarera Del Rancho,Los Nocheros,Signos,0.683,0.829,9,-7.777,0,0.0629,0.185,3.27e-06,0.151,0.698,150.417,161160,50,"['argentine rock', ' folclore salteno', ' folklore argentino']",56,514292,1998
El Humahuaqueño / Carnavalito Quebradeño,Los Nocheros,Noche Amiga Mía,0.739,0.867,6,-2.547,0,0.1,0.538,0.0,0.283,0.927,91.074,159480,37,"['argentine rock', ' folclore salteno', ' folklore argentino']",56,514292,2004
El Choclo,Juan D'Arienzo,Serie De Oro: Juan D'Arienzo,0.867,0.444,10,-7.414,0,0.189,0.827,0.813,0.0462,0.967,134.873,147173,18,"['orquesta tipica', ' tango', ' vintage tango']",40,38305,2003
La Yumba - Instrumental,Osvaldo Pugliese,Ausencia,0.781,0.287,9,-12.447,0,0.0893,0.901,0.881,0.274,0.76,121.622,166773,35,"['latin classical', ' tango', ' vintage tango']",39,48255,1995
La cumparsita,Juan D'Arienzo,Orquesta Juan D' Arienzo - La cumparsita,0.604,0.346,7,-11.004,0,0.0496,0.727,0.393,0.0273,0.643,135.439,222640,46,"['orquesta tipica', ' tango', ' vintage tango']",40,38305,1988
Desde el alma,Juan D'Arienzo,Orquesta Juan D' Arienzo - La cumparsita,0.699,0.412,7,-12.978,1,0.0671,0.563,0.7,0.11,0.654,97.199,131707,33,"['orquesta tipica', ' tango', ' vintage tango']",40,38305,1988
El Tempano,Juan Carlos Baglietto,Baglietto,0.54,0.34,9,-14.813,0,0.0641,0.361,0.0,0.0736,0.565,104.673,194267,50,"['argentine rock', ' cantautor', ' rock en espanol', ' rock nacional', ' trova']",47,112348,1983
Campo Afuera,Los Tucu Tucu,20 Temas Exitos,0.74,0.463,0,-10.879,0,0.0591,0.915,0.0,0.0874,0.721,144.221,147667,17,"['chamame', ' folclore tucumano', ' folklore argentino', ' zamba']",37,67236,2006
La Oma,Los Cuatro De Cordoba,La Historia,0.646,0.47,7,-6.437,0,0.0306,0.604,2.2e-05,0.537,0.751,120.099,193253,49,"['chamame', ' folklore argentino']",35,12335,2002
Convide Rutero,Almafuerte,A Fondo Blanco,0.486,0.777,6,-5.604,0,0.0424,0.0156,0.0,0.366,0.41,78.65,247800,45,"['argentine heavy metal', ' argentine metal', ' argentine rock', ' latin alternative', ' latin metal', ' rock en espanol', ' rock nacional']",51,184109,1999
Amores Como el Nuestro,Los Charros,corazon de papel,0.614,0.876,9,-3.632,0,0.0299,0.385,1.08e-05,0.215,0.788,96.326,196307,0,['cumbia villera'],56,353976,2011
Balada Del Diablo y La Muerte,La Renga,Despedazado Por Mil Partes,0.406,0.771,4,-6.991,0,0.0562,0.128,0.0,0.127,0.42,132.002,336360,62,"['argentine rock', ' latin alternative', ' latin rock', ' rock en espanol', ' rock nacional']",62,1334832,1996
"Por una Cabeza (From ""Parfum de femme"")",Gerardo Matos Rodriguez,"A Time for Us (Silence, on joue!)",0.307,0.194,7,-15.239,0,0.0396,0.802,0.739,0.0888,0.323,127.956,232965,42,['[]'],30,999,2012
Juan de la Calle,Chaqueño Palavecino,Juan de la Calle,0.487,0.744,9,-5.949,0,0.193,0.375,0.0,0.0749,0.849,153.92,192027,0,"['cumbia villera', ' folclore salteno', ' folklore argentino']",58,449690,2004
Wadu Wadu,Virus,Wadu Wadu,0.441,0.901,5,-8.64,1,0.0442,0.158,0.00483,0.132,0.786,183.322,156307,52,"['argentine rock', ' latin alternative', ' latin rock', ' post-punk argentina', ' rock en espanol', ' rock nacional']",59,257766,1981
El Probador - Live,Virus,Obras Cumbres,0.356,0.949,9,-6.329,0,0.0572,0.000164,0.17,0.829,0.536,155.442,222653,0,"['argentine rock', ' latin alternative', ' latin rock', ' post-punk argentina', ' rock en espanol', ' rock nacional']",59,257766,2000
Viva Jujuy,Los Tekis,Mixtura,0.49,0.651,7,-6.531,1,0.0816,0.638,0.0,0.152,0.726,87.312,190227,35,"['cumbia andina mexicana', ' folclore jujeno', ' folklore argentino']",48,242415,2010
Vivir Mi Vida,Marc Anthony,3.0,0.656,0.877,0,-3.231,0,0.0342,0.345,0.0,0.349,0.894,105.018,252347,76,"['latin pop', ' modern salsa', ' salsa', ' tropical']",77,8005189,2013
La Dueña del Swing,Los Hermanos Rosario,Latino! Greatest Hits - 56 Latin Top Hits (Original Versions!),0.746,0.915,7,-6.626,0,0.0675,0.505,4.02e-05,0.161,0.812,154.985,259013,0,"['dominican pop', ' merengue', ' tropical']",51,249692,2009
Bandido,Azucar Moreno,Bandido,0.735,0.817,1,-8.595,1,0.036,0.0414,5.14e-06,0.806,0.799,127.912,182867,43,"['latin pop', ' rumba', ' spanish pop', ' spanish pop rock']",49,221887,1990
Destino de Caminar,Victor Heredia,Entonces,0.731,0.793,9,-7.373,0,0.106,0.548,0.0,0.069,0.949,83.125,208840,0,"['argentine rock', ' cantautor', ' musica andina chilena', ' nueva cancion', ' rock nacional', ' trova']",50,142122,2001
You Spin Me Round (Like a Record),Dead Or Alive,Youthquake,0.567,0.943,6,-7.992,0,0.0387,0.0312,0.0965,0.544,0.965,128.207,199667,2,"['hi-nrg', ' new romantic', ' new wave', ' new wave pop', ' synthpop']",60,327944,1985
Aquellos Soldaditos De Plomo,Victor Heredia,De Amor y De Sangre,0.292,0.244,9,-13.873,1,0.0417,0.787,0.0,0.159,0.199,71.502,261800,0,"['argentine rock', ' cantautor', ' musica andina chilena', ' nueva cancion', ' rock nacional', ' trova']",50,142122,1995
Balada - Ao Vivo,Gusttavo Lima,Gusttavo Lima e Você (Ao Vivo),0.675,0.958,11,-4.208,0,0.0611,0.17,0.0,0.965,0.813,128.006,201840,0,"['arrocha', ' sertanejo', ' sertanejo universitario']",82,17428026,2011
Tacatá,The Harmony Group,Fiesta de Verano Hits 2012,0.839,0.816,4,-5.887,1,0.202,0.201,4.11e-06,0.154,0.747,126.94,212805,1,['[]'],36,9416,2012
Ella No Sigue Modas,The Harmony Group,Fiesta de Verano Hits 2012,0.803,0.767,0,-5.117,1,0.0552,0.00811,0.0,0.0525,0.759,128.016,174663,7,['[]'],36,9416,2012
Rosa María,Rumba 7,Lo Mejor en Tinkus (Tinkus Orquestados de Bolivia),0.62,0.864,4,-9.256,0,0.273,0.0416,0.00116,0.278,0.83,162.832,220893,21,['cumbia boliviana'],29,4258,2002
Bamboleo,Gipsy Kings,Bem Bem Maria,0.611,0.886,8,-9.843,0,0.0482,0.6,1.49e-06,0.0732,0.955,119.264,117699,0,"['flamenco', ' rumba', ' world']",66,713503,2018
Nada Tengo de Ti,Los Tucu Tucu,Eternamente Tucu,0.431,0.425,2,-8.44,0,0.0383,0.798,0.0,0.0903,0.228,126.468,249000,31,"['chamame', ' folclore tucumano', ' folklore argentino', ' zamba']",37,67236,2008
La Llorona,Angelica Vale,Coco (Banda Sonora Original en Español),0.521,0.589,4,-6.034,0,0.209,0.661,0.0,0.0804,0.348,133.069,165533,58,['[]'],43,13011,2017
Jolene,Dolly Parton,Jolene,0.674,0.537,1,-10.971,0,0.0363,0.566,0.0,0.131,0.809,110.578,161533,73,"['classic country pop', ' country', ' country dawn']",71,1922876,1974
Siento Enloquecer,Angel Mahler,Drácula el Musical,0.498,0.39,2,-12.121,0,0.0308,0.674,1.06e-05,0.154,0.124,99.06,120200,23,['[]'],33,1354,2018
Soñar Hasta Enloquecer,Angel Mahler,Drácula el Musical,0.327,0.408,0,-11.033,0,0.0332,0.708,0.00094,0.21,0.278,117.774,202600,30,['[]'],33,1354,2018
"The Phantom Of The Opera - Live In Stephansdom, Vienna, Austria / 2008",Sarah Brightman,Symphony: Live In Vienna,0.34,0.857,2,-5.92,0,0.114,0.0385,0.000251,0.693,0.288,128.113,276133,40,['operatic pop'],57,392242,2009
I'd Be Surprisingly Good For You,Andrew Lloyd Webber,Andrew Lloyd Webber 60,0.737,0.411,2,-13.116,0,0.0415,0.605,0.000707,0.155,0.598,120.05,185813,0,"['broadway', ' show tunes', ' west end']",63,257107,2008
Confrontation,Jekyll Hyde,Jekyll & Hyde,0.294,0.527,4,-9.397,0,0.0895,0.756,4.81e-05,0.284,0.164,84.19,222333,35,['[]'],19,1350,2005
Alive - Reprise,Hyde,Jekyll & Hyde,0.281,0.646,9,-7.564,0,0.0527,0.813,0.00757,0.516,0.451,44.37,86893,28,['[]'],18,121,2005
Do You Hear the People Sing?,Les Misérables-Original London Cast,Les Misérables (Original 1985 London Cast Recording),0.528,0.49,0,-7.927,1,0.0486,0.909,0.0,0.11,0.588,82.69,136332,0,['show tunes'],38,11151,1985
Red & Black,Les Misérables-Original London Cast,Les Misérables (Original 1985 London Cast Recording),0.417,0.338,11,-9.562,1,0.0523,0.917,3.4e-05,0.22,0.235,77.484,269867,0,['show tunes'],38,11151,1985
Do You Hear The People Sing?,Aaron Tveit,Les Misérables: The Motion Picture Soundtrack Deluxe (Deluxe Edition),0.385,0.393,0,-10.326,1,0.0385,0.891,0.0,0.104,0.541,78.843,123160,55,"['broadway', ' hollywood', ' show tunes']",54,34842,2013
"Paint It, Black",The Rolling Stones,Aftermath,0.464,0.795,1,-9.267,1,0.0926,0.0493,0.00244,0.399,0.612,158.691,202267,80,"['british invasion', ' classic rock', ' rock']",78,12233730,1966
Paranoid,Black Sabbath,Paranoid (2009 Remastered Version),0.429,0.631,4,-11.514,0,0.0769,7.85e-05,0.00411,0.175,0.376,162.734,168440,80,"['album rock', ' birmingham metal', ' classic rock', ' hard rock', ' metal', ' rock', ' stoner rock', ' uk doom metal']",73,6479793,1970
Flight of Icarus - Live at Long Beach Arena; 1998 Remaster,Iron Maiden,Live After Death (1998 Remaster),0.255,0.964,6,-6.47,0,0.0852,0.00601,0.192,0.97,0.403,131.181,208013,36,"['hard rock', ' metal', ' nwobhm', ' rock']",74,7775029,1985
Theme from Rawhide,The Blues Brothers,The Blues Brothers Original Motion Picture Soundtrack,0.594,0.571,10,-7.943,0,0.0285,0.526,0.163,0.204,0.674,100.827,159600,52,"['blues', ' blues rock']",56,354683,1980
New Orleans,The Blues Brothers,Blues Brothers 2000,0.498,0.94,0,-3.778,1,0.0641,0.274,0.0,0.698,0.909,161.613,241640,38,"['blues', ' blues rock']",56,354683,1998
Hit the Road Jack,Ray Charles,Georgia On My Mind,0.613,0.618,8,-11.831,0,0.257,0.568,0.0,0.727,0.94,172.741,118267,57,"['adult standards', ' classic soul', ' jazz blues', ' piano blues', ' soul', ' soul blues', ' vocal jazz']",67,1934319,2012
The Ships Are Sailing/The Cup Of Tea,Alan McCartney & Paul Bradley & Jason O'Rourke & Brendan O'Hare & Ray Gallen,Traditional Irish Music From Belfast,0.58,0.544,2,-11.485,1,0.0445,0.856,0.638,0.322,0.92,111.465,265040,26,"['irish fiddle', ' jig and reel']",11,281,2009
Beelzeboss (The Final Showdown),Tenacious D,The Pick Of Destiny,0.47,0.877,2,-3.74,1,0.208,0.0149,1.35e-06,0.171,0.433,130.709,335800,59,"['alternative metal', ' comedy rock', ' comic', ' comic metal', ' parody', ' rock']",62,1483196,2006
"Let It Go - From ""Frozen: The Broadway Musical""",Caissie Levy,Frozen: The Broadway Musical (Original Broadway Cast Recording),0.584,0.431,7,-5.358,1,0.0315,0.32,0.0,0.137,0.123,137.032,226867,46,"['broadway', ' hollywood', ' show tunes']",43,8519,2018
I Won't Back Down,Johnny Cash,American III: Solitary Man,0.624,0.531,9,-8.393,1,0.0309,0.587,0.0,0.309,0.551,113.778,128200,54,"['arkansas country', ' outlaw country']",74,5523155,2000
California Dreamin' - Single Version,The Mamas & The Papas,60's Gold,0.554,0.644,1,-8.865,0,0.0366,0.364,0.0,0.059,0.694,112.365,159227,0,"['brill building pop', ' bubblegum pop', ' classic rock', ' folk rock', ' mellow gold', ' psychedelic rock', ' rock', ' sunshine pop']",66,1406823,2006
Somebody to Love,Jefferson Airplane,Best Of,0.498,0.647,4,-9.058,1,0.036,0.322,0.0,0.361,0.579,130.056,178147,0,"['acid rock', ' blues rock', ' classic rock', ' folk rock', ' psychedelic rock', ' rock']",60,1375564,2007
La Isla Bonita,Madonna,Celebration (double disc version),0.708,0.832,1,-4.736,0,0.0362,0.392,1.33e-06,0.0561,0.968,99.953,242947,63,"['dance pop', ' pop']",78,6421453,2009
Girls Just Wanna Have Fun,Cyndi Lauper,80s 100 Hits,0.686,0.586,6,-12.377,1,0.0356,0.153,0.000314,0.353,0.78,120.418,224547,53,"['disco', ' new wave pop', ' permanent wave', ' soft rock']",70,2120085,2010
House of the Rising Sun,The Animals,Most of the Animals,0.316,0.484,9,-9.11,0,0.0308,0.000334,0.00445,0.0912,0.299,117.363,269907,63,"['album rock', ' blues rock', ' british invasion', ' classic rock', ' folk rock', ' protopunk', ' psychedelic rock', ' rock']",64,2093607,1992
Dos Gardenias,Buena Vista Social Club,Buena Vista Social Club,0.556,0.175,4,-18.346,0,0.0404,0.821,0.000108,0.12,0.501,92.067,183903,0,"['latin jazz', ' musica tradicional cubana', ' world']",62,1059791,1997
Ahonikenk,Rubén Patagonia,Miremos Al Sur,0.543,0.487,4,-11.924,1,0.182,0.345,0.0,0.0962,0.457,107.303,260400,24,['folklore argentino'],25,5212,1997
Cali Bonita,Pastor Lopez,"Antología Pastor López, Vol. 1",0.596,0.659,0,-9.581,0,0.0412,0.0742,0.00866,0.288,0.944,111.059,146853,32,"['cumbia', ' musica popular colombiana', ' tropical']",54,207780,2017
Money Money,Joel Grey,Cabaret,0.746,0.69,0,-11.29,1,0.121,0.76,0.0,0.794,0.78,100.782,183693,0,"['broadway', ' show tunes']",38,11810,1972
Jolene - Dumplin' Remix,Dolly Parton,Dumplin' Original Motion Picture Soundtrack,0.712,0.861,1,-6.779,0,0.0428,0.0484,0.000694,0.0776,0.767,126.058,204049,44,"['classic country pop', ' country', ' country dawn']",71,1922876,2018
Quelqu'un m'a dit,Carla Bruni,Quelqu'un m'a dit,0.611,0.428,10,-10.723,1,0.0474,0.834,0.00517,0.113,0.389,133.281,168627,59,['chanson'],61,468567,2002
I Will Follow Him (From Sister Act),The Dream All Stars,Famous Musical Hits,0.324,0.408,5,-11.312,1,0.0381,0.854,1.36e-05,0.218,0.173,147.944,189027,45,['[]'],28,355,2014
La Yapa,Los Nocheros,Signos,0.717,0.826,0,-7.11,1,0.0806,0.342,0.0,0.0377,0.903,155.233,182440,50,"['argentine rock', ' folclore salteno', ' folklore argentino']",56,514292,1998
Chacarera del Changuito,Hebras,Hebras,0.845,0.535,9,-2.836,0,0.0889,0.187,0.000276,0.138,0.582,105.286,137960,14,['[]'],3,30,2012
Quién Se Ha Tomado Todo el Vino,La Banda Dominguera,La Banda Dominguera,0.552,0.951,9,-6.342,0,0.186,0.219,0.0,0.32,0.638,160.087,185829,0,['[]'],2,50,2019
Escándalo,Raphael,Ave Fénix,0.732,0.892,1,-9.469,1,0.0517,0.335,0.0146,0.116,0.906,112.295,304853,49,['[]'],59,691278,1992
Blue (Da Ba Dee) - Gabry Ponte Ice Pop Radio,Eiffel 65,Europop,0.822,0.969,7,-11.471,0,0.0582,0.259,0.000153,0.39,0.765,128.007,283748,76,"['bubblegum dance', ' eurodance', ' europop', ' italian adult pop', ' italo dance']",62,301487,1999
The Bad Touch,Bloodhound Gang,Hooray For Boobies,0.831,0.735,0,-6.254,0,0.0384,0.00397,0.0205,0.123,0.97,122.979,260507,71,"['alternative metal', ' comic', ' funk metal', ' funk rock', ' nu metal', ' punk', ' rap rock']",62,824335,1999
Hung Up,Madonna,Confessions on a Dance Floor,0.649,0.647,9,-7.695,0,0.0452,0.0039,0.161,0.0686,0.405,125.02,337733,75,"['dance pop', ' pop']",78,6421453,2005
Sorry,Madonna,Confessions on a Dance Floor,0.589,0.877,0,-6.229,0,0.046,0.00121,0.013,0.169,0.443,132.971,281880,63,"['dance pop', ' pop']",78,6421453,2005
Dragostea Din Tei,O-Zone,Big Brother Allstars - Die Sommerfete,0.81,0.962,0,-4.652,1,0.0424,0.151,0.0,0.0624,0.706,130.087,213893,0,"['bubblegum dance', ' eurodance', ' europop', ' moldovan pop']",57,92967,2004
No Te Creas Tan Importante - En Vivo,Damas Gratis,No Te Creas Tan Importante (En Vivo),0.302,0.758,5,-5.273,1,0.0424,0.202,0.0,0.881,0.669,174.704,239760,64,"['cumbia 420', ' cumbia villera']",64,1868729,2018
We Built This City,Starship,Knee Deep In The Hoopla,0.661,0.908,5,-4.897,1,0.039,0.052,0.0,0.0708,0.656,144.091,296080,0,"['album rock', ' mellow gold', ' new romantic', ' new wave pop', ' soft rock']",65,844137,1985
Africa,TOTO,Toto IV,0.671,0.373,9,-18.064,1,0.0323,0.257,8.01e-05,0.0481,0.732,92.718,295893,83,"['album rock', ' classic rock', ' mellow gold', ' rock', ' soft rock', ' yacht rock']",73,2410810,1982
Like a Prayer,Madonna,Celebration (double disc version),0.624,0.842,5,-5.285,1,0.0376,0.264,2.11e-05,0.181,0.257,111.037,342680,73,"['dance pop', ' pop']",78,6421453,2009
Mirá Como Está La Vagancia,Damas Gratis,Sin Remedio,0.643,0.839,7,-3.608,1,0.0685,0.111,0.000118,0.0989,0.835,84.645,299427,52,"['cumbia 420', ' cumbia villera']",64,1868729,2005
Los Dueños de Pabellon,Damas Gratis,20 Grandes Exitos (Remasterizado 2015),0.665,0.729,8,-2.392,1,0.0524,0.275,7.47e-06,0.0924,0.82,85.162,278280,43,"['cumbia 420', ' cumbia villera']",64,1868729,2015
Quiero Vitamina,Damas Gratis,20 Grandes Exitos (Remasterizado 2015),0.717,0.679,8,-2.927,1,0.038,0.206,0.022,0.11,0.836,82.278,266320,26,"['cumbia 420', ' cumbia villera']",64,1868729,2015
Flashdance...What A Feeling,Irene Cara,Flashdance (Original Soundtrack From The Motion Picture),0.647,0.507,7,-11.175,0,0.0335,0.112,2.03e-06,0.184,0.488,123.578,233240,0,"['disco', ' new wave pop', ' soft rock']",62,333944,1983
Maniac,Michael Sembello,Flashdance (Original Soundtrack From The Motion Picture),0.617,0.533,3,-11.516,0,0.0651,0.0891,4.04e-06,0.0415,0.835,158.86,244707,77,['hi-nrg'],61,69246,1983
Conmigo Te Gustó,Leo Mattioli,En Directo - Piel Con Piel,0.317,0.904,6,-5.686,0,0.164,0.506,5.29e-05,0.551,0.648,173.041,97467,61,"['argentine rock', ' cumbia santafesina', ' cumbia villera']",64,1218858,2001
Maria,Blondie,Blondie 4(0)-Ever: Greatest Hits Deluxe Redux / Ghosts Of Download,0.545,0.812,9,-5.672,1,0.0609,0.028,0.00111,0.0749,0.785,159.69,245701,55,"['candy pop', ' new wave', ' new wave pop', ' permanent wave', ' power pop', ' rock']",69,1167581,2013
Call Me,Blondie,Atomic/Atomix,0.56,0.825,2,-6.711,0,0.0347,0.000785,0.00246,0.0892,0.74,142.669,212600,73,"['candy pop', ' new wave', ' new wave pop', ' permanent wave', ' power pop', ' rock']",69,1167581,1999
Mujer Amante - Vivo,Rata Blanca,"XX Aniversario En Vivo - Magos, Espadas Y Rosas",0.508,0.878,10,-5.971,0,0.0361,2.13e-05,1.83e-05,0.121,0.342,122.086,377399,61,"['argentine heavy metal', ' argentine rock', ' latin metal', ' rock en espanol', ' rock urbano mexicano']",61,1029199,2011
La Leyenda del Hada y el Mago - Vivo,Rata Blanca,"XX Aniversario En Vivo - Magos, Espadas Y Rosas",0.446,0.912,1,-6.649,1,0.0438,3.77e-06,3.66e-05,0.0759,0.31,113.88,324809,58,"['argentine heavy metal', ' argentine rock', ' latin metal', ' rock en espanol', ' rock urbano mexicano']",61,1029199,2011
Nunca me Faltes,Antonio Rios,El Maestro,0.767,0.702,4,-5.952,0,0.0316,0.157,9.07e-05,0.0633,0.869,104.619,250760,58,"['chicha', ' cumbia chilena', ' cumbia villera']",53,61630,1996
Gloria (Carnavalito-Yaravi),Ariel Ramírez,Misa Criolla (Edición aniversario / Remasterizado),0.305,0.295,5,-12.88,1,0.0369,0.884,0.0,0.0613,0.161,88.43,340027,19,['latin classical'],43,109,1994
Despacito,Ramon Ayala,Despacito,0.642,0.491,2,-7.21,1,0.0497,0.831,0.809,0.274,0.517,91.028,146195,52,"['musica mexicana', ' norteno', ' ranchera', ' tejano']",53,1251235,2017
Livin' On A Prayer,Bon Jovi,Slippery When Wet,0.532,0.887,0,-3.757,1,0.0335,0.0778,0.000214,0.294,0.795,122.511,249293,85,"['glam metal', ' rock']",78,11329509,1986
Bed Of Roses,Bon Jovi,Keep The Faith,0.309,0.596,5,-5.599,1,0.0293,0.101,0.0,0.21,0.161,164.587,394400,73,"['glam metal', ' rock']",78,11329509,1992
Runaway,Bon Jovi,Bon Jovi,0.475,0.899,9,-4.321,0,0.0637,0.00375,1.91e-05,0.14,0.603,152.445,230667,72,"['glam metal', ' rock']",78,11329509,1984
Never Ending Story,Limahl,Don't Suppose,0.599,0.622,0,-13.971,1,0.0296,0.359,0.00235,0.114,0.851,122.312,212173,66,"['new romantic', ' new wave', ' new wave pop', ' synthpop']",51,55596,2009
Forever Young,Alphaville,Forever Young,0.489,0.483,9,-9.466,0,0.0275,0.42,0.0028,0.236,0.333,136.822,226706,72,"['europop', ' new romantic', ' new wave', ' new wave pop', ' synthpop']",64,646678,1984
I'm Alive,Johnny Thunder,American Animals (Original Motion Picture Soundtrack),0.517,0.828,4,-10.618,1,0.0568,0.229,0.00747,0.147,0.456,96.835,176920,0,['[]'],28,4210,2018
I'm an Albatraoz,AronChupa,I'm an Albatraoz,0.883,0.817,0,-5.414,1,0.235,0.601,0.00449,0.11,0.595,128.078,166849,72,['swedish pop'],61,382592,2014
"The Flower Duet (From ""Lakmé"")",Katherine Jenkins,Katherine Jenkins / From The Heart,0.32,0.291,11,-12.972,1,0.0394,0.963,0.000457,0.102,0.0783,102.281,230933,53,['operatic pop'],48,118062,2006
"Funiculì, funiculà",Giuseppe Turco,The 50 Greatest Vocal Hits,0.451,0.349,5,-12.03,1,0.0695,0.972,0.0973,0.0895,0.397,127.175,168577,0,['[]'],0,45,2015
La traviata: Libiamo ne'lieti calici (Brindisi),Giuseppe Verdi,The 50 Greatest Vocal Hits,0.455,0.28,10,-15.904,1,0.0518,0.902,9.85e-06,0.589,0.414,67.61,182120,0,"['classical', ' italian opera', ' italian romanticism', ' late romantic era']",62,553327,2015
Rigoletto: La donna è mobile,Giuseppe Verdi,The 50 Greatest Vocal Hits,0.411,0.212,6,-12.957,1,0.0332,0.966,4.15e-06,0.0871,0.413,99.35,143707,0,"['classical', ' italian opera', ' italian romanticism', ' late romantic era']",62,553327,2015
Caruso,Lucio Dalla,The 50 Greatest Vocal Hits,0.352,0.251,7,-11.425,0,0.0322,0.828,7.08e-05,0.108,0.209,105.092,317960,0,"['[""canzone dautore""', ' classic italian pop', ' italian adult pop']",60,953791,2015
The Downeaster 'Alexa',Billy Joel,Greatest Hits Vol. III,0.4,0.812,9,-5.783,0,0.0386,0.117,0.0,0.126,0.607,88.971,222840,25,"['classic rock', ' mellow gold', ' piano rock', ' rock', ' singer-songwriter', ' soft rock']",77,4653010,1997
Somewhere Along the Line,Billy Joel,Piano Man,0.527,0.529,7,-9.692,1,0.0332,0.7,0.0236,0.0834,0.544,82.324,200000,29,"['classic rock', ' mellow gold', ' piano rock', ' rock', ' singer-songwriter', ' soft rock']",77,4653010,1973
Piano Man,Billy Joel,Piano Man,0.334,0.477,0,-8.806,1,0.0276,0.618,4.17e-06,0.312,0.405,179.239,336200,64,"['classic rock', ' mellow gold', ' piano rock', ' rock', ' singer-songwriter', ' soft rock']",77,4653010,1973
Mi Perro Dinamita,Patricio Rey y sus Redonditos de Ricota,La Mosca y la Sopa,0.47,0.897,7,-6.596,0,0.0334,0.0103,0.00332,0.0656,0.968,158.656,155893,55,"['argentine rock', ' latin alternative', ' latin rock', ' post-punk argentina', ' rock en espanol', ' rock nacional']",67,1188150,1991
El Pibe de los Astilleros,Patricio Rey y sus Redonditos de Ricota,La Mosca y la Sopa,0.618,0.699,0,-5.696,1,0.0275,0.0109,0.00022,0.26,0.61,112.33,212400,60,"['argentine rock', ' latin alternative', ' latin rock', ' post-punk argentina', ' rock en espanol', ' rock nacional']",67,1188150,1991
Luzbelito y las Sirenas,Patricio Rey y sus Redonditos de Ricota,Luzbelito,0.545,0.74,9,-8.538,1,0.0263,0.000356,0.00286,0.206,0.687,82.081,246267,50,"['argentine rock', ' latin alternative', ' latin rock', ' post-punk argentina', ' rock en espanol', ' rock nacional']",67,1188150,1996
Huellas,Cristina Zivec,Huellas,0.616,0.374,9,-10.727,0,0.435,0.803,0.0,0.126,0.541,144.779,182056,0,['[]'],0,13,2019
Wonderwall - Remastered,Oasis,(What's The Story) Morning Glory? [Remastered],0.378,0.896,2,-4.066,1,0.0407,0.000452,0.0,0.194,0.469,174.302,258773,77,"['beatlesque', ' britpop', ' madchester', ' permanent wave', ' pop rock', ' rock']",76,7830312,1995
Fuegos de Octubre,Patricio Rey y sus Redonditos de Ricota,Oktubre,0.444,0.869,11,-9.846,1,0.161,2.98e-05,0.177,0.109,0.506,147.033,217560,49,"['argentine rock', ' latin alternative', ' latin rock', ' post-punk argentina', ' rock en espanol', ' rock nacional']",67,1188150,1986
Ji Ji Ji,Patricio Rey y sus Redonditos de Ricota,Oktubre,0.476,0.706,5,-10.136,1,0.217,0.0047,0.000118,0.267,0.488,169.491,334600,61,"['argentine rock', ' latin alternative', ' latin rock', ' post-punk argentina', ' rock en espanol', ' rock nacional']",67,1188150,1986
Queso Ruso,Patricio Rey y sus Redonditos de Ricota,La Mosca y la Sopa,0.58,0.837,11,-6.454,0,0.042,0.0507,0.0,0.108,0.697,123.839,292493,52,"['argentine rock', ' latin alternative', ' latin rock', ' post-punk argentina', ' rock en espanol', ' rock nacional']",67,1188150,1991
Veneno,La Renga,Despedazado Por Mil Partes,0.398,0.906,4,-5.965,0,0.0474,0.0104,0.00117,0.15,0.537,126.829,248400,60,"['argentine rock', ' latin alternative', ' latin rock', ' rock en espanol', ' rock nacional']",62,1334832,1996
Wind Of Change,Scorpions,Crazy World,0.452,0.524,0,-10.108,1,0.0351,0.315,0.0,0.103,0.246,151.505,312360,79,"['album rock', ' german hard rock', ' german metal', ' german rock', ' hard rock', ' metal', ' rock']",73,5851726,1990
More Than a Feeling,Boston,Boston,0.377,0.681,7,-8.039,1,0.0298,0.00088,0.0023,0.0504,0.285,108.789,285133,78,"['album rock', ' classic rock', ' country rock', ' hard rock', ' mellow gold', ' rock', ' soft rock']",66,2284510,1976
Big in Japan - Single Version; 2019 Remaster,Alphaville,Forever Young (Super Deluxe Edition; 2019 Remaster),0.773,0.608,7,-8.606,1,0.049,0.146,0.00307,0.13,0.334,97.82,234693,63,"['europop', ' new romantic', ' new wave', ' new wave pop', ' synthpop']",64,646678,1984
Vencedores Vencidos,Patricio Rey y sus Redonditos de Ricota,Un Baión para el Ojo Idiota,0.437,0.875,2,-5.366,0,0.0318,0.00363,0.000532,0.29,0.724,145.474,208400,60,"['argentine rock', ' latin alternative', ' latin rock', ' post-punk argentina', ' rock en espanol', ' rock nacional']",67,1188150,1988
Tango - Por Una Cabeza,Carlos Gardel,The Silver Violin,0.338,0.249,7,-14.638,0,0.0438,0.922,0.326,0.275,0.339,130.357,233840,43,"['latin classical', ' tango']",50,166544,2012
Si Vos Queres,Sudor Marika,Si Vos Queres,0.429,0.784,9,-5.014,0,0.183,0.104,0.0,0.193,0.964,92.102,177182,23,['pop argentino'],25,21444,2019
Violeta,Alcides,20 Grandes Exitos,0.766,0.733,10,-6.748,1,0.0439,0.187,0.0,0.0555,0.936,135.299,189893,48,['cumbia villera'],45,17686,2007
I'm So Excited,The Pointer Sisters,So Excited! (Expanded Edition),0.59,0.868,5,-5.832,0,0.048,0.0962,0.000322,0.442,0.798,184.348,230640,71,"['dance pop', ' disco', ' girl group', ' hi-nrg', ' mellow gold', ' new wave pop', ' soft rock']",62,857018,1982
Brother Louie,Modern Talking,Ready For Romance,0.783,0.836,0,-9.223,0,0.0486,0.396,0.0236,0.135,0.831,108.966,222667,70,"['eurodance', ' europop', ' german pop', ' synthpop']",66,1105981,1986
Al Jardín De La República,Mercedes Sosa,Con Sabor A Mercedes Sosa,0.721,0.418,11,-9.248,0,0.0439,0.6,8.93e-06,0.134,0.567,95.591,189587,43,"['cantautor', ' folclore tucumano', ' folklore argentino', ' nueva cancion', ' rock en espanol', ' rock nacional', ' trova']",59,792517,2010
It's Raining Men - Single Version,The Weather Girls,It's Raining Men,0.723,0.881,5,-7.178,0,0.0743,0.349,0.000274,0.705,0.658,136.306,212680,58,"['disco', ' hi-nrg']",56,137386,1982
We Didn't Start the Fire,Billy Joel,The Essential Billy Joel,0.711,0.967,7,-5.204,1,0.0474,0.0849,0.0,0.245,0.892,145.02,288400,56,"['classic rock', ' mellow gold', ' piano rock', ' rock', ' singer-songwriter', ' soft rock']",77,4653010,2001
La foule,Édith Piaf,de l'accordeoniste a milord,0.478,0.389,4,-8.54,0,0.0546,0.779,6.66e-06,0.193,0.61,89.765,178840,58,"['chanson', ' torch song', ' vintage schlager']",60,941683,1986
La vie en rose,Édith Piaf,de l'accordeoniste a milord,0.39,0.302,8,-8.687,1,0.0321,0.984,0.0,0.0871,0.422,82.52,186973,60,"['chanson', ' torch song', ' vintage schlager']",60,941683,1986
Padam padam,Édith Piaf,Eternelle,0.385,0.283,5,-8.013,0,0.0546,0.78,0.0,0.0726,0.557,179.547,197627,53,"['chanson', ' torch song', ' vintage schlager']",60,941683,1987
"Non, je ne regrette rien",Édith Piaf,Eternelle,0.382,0.354,7,-6.595,1,0.0289,0.858,3.11e-06,0.168,0.435,87.018,142280,65,"['chanson', ' torch song', ' vintage schlager']",60,941683,1987
Rock And Roll Part II,Gary Glitter,The Replacements (Music From The Motion Picture),0.752,0.218,11,-15.177,0,0.0653,0.000548,0.788,0.0699,0.552,130.068,180600,58,['[]'],48,37399,2000
White Room,Cream,Wheels Of Fire,0.553,0.576,0,-13.458,1,0.0304,0.191,0.00664,0.0365,0.457,109.827,298333,69,"['album rock', ' art rock', ' blues rock', ' classic rock', ' folk rock', ' hard rock', ' psychedelic rock', ' rock', ' roots rock', ' supergroup']",62,2020589,1968
The Clansman - Live At Rock in Rio '01,Iron Maiden,Rock in Rio (Live),0.137,0.922,2,-6.098,1,0.187,0.0719,0.019,0.956,0.268,76.694,570440,42,"['hard rock', ' metal', ' nwobhm', ' rock']",74,7775029,2002
Johnny B. Goode,Marty McFly,Back To The Future,0.636,0.42,10,-16.767,1,0.0413,0.669,0.000318,0.345,0.943,84.674,186933,37,['[]'],35,491,1985
California Dreamin' - 2007 Digital Remaster,The Beach Boys,The Warmth Of The Sun,0.582,0.845,1,-7.335,0,0.0447,0.0529,1.44e-06,0.0752,0.624,116.453,204373,68,"['baroque pop', ' brill building pop', ' classic rock', ' psychedelic rock', ' rock', ' sunshine pop']",72,3845514,2007
Baby Jane - 2008 Remaster,Rod Stewart,Body Wishes,0.641,0.796,2,-8.56,0,0.0407,0.0137,0.000115,0.358,0.727,123.229,283493,63,"['mellow gold', ' soft rock']",72,3806475,1983
La Bomba Loca,Gustavo Cordera,Gustavo Cordera en la Caravana Mágica,0.763,0.672,11,-6.288,0,0.0451,0.0115,1.07e-06,0.186,0.887,105.998,330520,54,"['argentine rock', ' latin alternative', ' latin rock', ' rock en espanol', ' rock nacional']",47,82050,2010
Ciudad Mágica,Tan Bionica,Destinologia,0.619,0.913,9,-5.281,0,0.0335,0.000841,2.28e-05,0.146,0.705,122.013,209520,0,"['argentine rock', ' argentine telepop', ' latin alternative', ' latin rock', ' rock en espanol']",62,538731,2013
Venus,Bananarama,True Confessions (Collector's Edition),0.722,0.961,9,-4.812,1,0.0514,0.0883,0.61,0.278,0.91,126.113,229165,66,"['dance pop', ' disco', ' europop', ' girl group', ' hi-nrg', ' new romantic', ' new wave', ' new wave pop', ' soft rock']",57,656348,1986
Cheri Cheri Lady,Modern Talking,Let's Talk About Love,0.677,0.616,10,-13.826,1,0.032,0.458,0.0132,0.349,0.851,114.223,226333,70,"['eurodance', ' europop', ' german pop', ' synthpop']",66,1105981,1985
"You're My Heart, You're My Soul '98",Modern Talking,Back For Good,0.752,0.938,1,-4.08,0,0.0381,0.00455,0.00472,0.0855,0.967,119.322,230267,60,"['eurodance', ' europop', ' german pop', ' synthpop']",66,1105981,1998
"What Is Love - 7"" Mix",Haddaway,What Is Love (Remixes),0.683,0.772,7,-7.907,0,0.0311,0.0222,0.0149,0.203,0.737,123.871,270373,70,"['bubblegum dance', ' eurodance', ' europop', ' hip house']",62,274210,1993
Wanna Be My Lover,Gliese,"80s 90s Music Dance Songs: Las Mejores Canciones, Éxitos Disco Y Música De Los 90 Y 80 Para Bailar",0.625,0.75,9,-9.81,1,0.0299,0.183,0.0419,0.307,0.631,134.725,191168,27,['[]'],41,4573,2014
Se Me Ha Perdido Un Corazón,Gilda,Los Más Grandes Exitos,0.812,0.666,1,-5.655,0,0.0365,0.276,1.03e-06,0.0825,0.829,91.84,210587,56,"['argentine rock', ' cumbia villera', ' rock en espanol']",59,749538,2004
Poison,Alice Cooper,Trash,0.28,0.908,2,-5.509,0,0.109,0.0327,8.85e-06,0.18,0.26,118.698,270080,73,"['album rock', ' classic rock', ' detroit rock', ' glam metal', ' glam rock', ' hard rock', ' metal', ' protopunk', ' rock']",64,3165715,1989
Believe,Cher,Believe,0.652,0.917,6,-6.72,1,0.0548,0.0082,0.0,0.0509,0.459,132.975,239027,77,"['dance pop', ' hollywood', ' new wave pop', ' pop']",68,2701397,1998
Que Tendrá Ese Petiso,Ricky Maravilla,20 Grandes Exitos,0.802,0.75,5,-7.082,0,0.0458,0.148,2.44e-06,0.12,0.961,135.756,232333,25,['[]'],29,20924,2007
¡Cuidado La Bomba!,Ricky Maravilla,20 Grandes Exitos,0.852,0.87,7,-4.602,1,0.0356,0.241,3.54e-06,0.308,0.973,131.696,196707,12,['[]'],29,20924,2007
Quiero un Pueblo Que Baile,Ricky Maravilla,"Garganta Con Arena, Ojalá Que No Puedas y Otros",0.72,0.852,5,-5.768,0,0.0344,0.173,0.0,0.172,0.857,129.463,137147,10,['[]'],29,20924,2012
Se Parece Más A Ti,Jambao,Separece A Ti,0.686,0.776,1,-3.601,1,0.0837,0.16,1.02e-05,0.133,0.94,179.915,248787,62,"['cuarteto', ' cumbia villera']",53,276293,2007
Te Arrepentirás,Jambao,Sonidero Soy,0.73,0.622,1,-5.774,1,0.0371,0.132,0.0,0.258,0.837,83.742,210707,0,"['cuarteto', ' cumbia villera']",53,276293,2000
Isaac,Madonna,Confessions on a Dance Floor,0.53,0.791,9,-7.125,0,0.0521,0.0727,4.98e-06,0.189,0.511,132.98,359240,45,"['dance pop', ' pop']",78,6421453,2005
Alejandro,Lady Gaga,The Fame Monster (International Deluxe),0.626,0.799,11,-6.612,0,0.046,0.000358,0.00155,0.36,0.369,98.992,274213,58,"['art pop', ' dance pop', ' pop']",85,23513563,2009
Alegria,Cirque du Soleil,Alegria,0.567,0.585,2,-10.265,0,0.025,0.191,3.1e-05,0.241,0.383,83.931,348560,53,['circus'],47,108197,1994
The Real Slim Shady,Eminem,The Marshall Mathers LP,0.949,0.661,5,-4.244,0,0.0572,0.0302,0.0,0.0454,0.76,104.504,284200,87,"['detroit hip hop', ' hip hop', ' rap']",91,60574307,2000
A Orillas del Río Dulce,Leandro Lovato,Musiquero,0.756,0.723,9,-6.833,0,0.126,0.657,0.0124,0.169,0.691,113.513,127427,12,"['folklore argentino', ' folklore cuyano']",28,8290,2016
La Pulpera de Santa Lucia,Ginamaría Hidalgo,Ginamaría Hidalgo Cronología - Amar Amando (1974),0.477,0.403,9,-6.221,0,0.0688,0.871,0.0,0.26,0.562,173.964,199040,22,['zamba'],22,2252,1974
Duraznito,Pibes Chorros,Pibes Chorros:Discografía Completa Vol.1,0.756,0.55,2,-4.939,0,0.0561,0.0859,0.000463,0.166,0.893,84.981,308338,53,"['cumbia paraguaya', ' cumbia villera']",53,340742,2004
Llegamos Los Pibes Chorros,Pibes Chorros,Pibes Chorros:Discografía Completa Vol.1,0.659,0.581,2,-4.936,1,0.0358,0.107,0.0,0.242,0.791,84.019,229460,47,"['cumbia paraguaya', ' cumbia villera']",53,340742,2004
Ain't No Mountain High Enough - Mono,Marvin Gaye,Anthology: The Best Of Marvin Gaye,0.62,0.813,11,-6.115,0,0.0307,0.29,0.000109,0.143,0.832,129.38,148093,51,"['classic soul', ' funk', ' indie r&b', ' motown', ' northern soul', ' quiet storm', ' soul']",73,4731323,1995
María,Ricky Martin,A Medio Vivir,0.723,0.914,7,-5.598,0,0.0663,0.0726,2.12e-05,0.95,0.968,101.181,262573,56,"['dance pop', ' latin pop', ' mexican pop', ' puerto rican pop']",74,6888167,1995
Je veux,Zaz,Zaz,0.525,0.807,2,-6.366,0,0.0725,0.251,0.0,0.0504,0.741,155.397,215933,68,"['chanson', ' french jazz', ' nouvelle chanson francaise']",63,1353404,2010
Sweet Thing - 2008 Remaster,Yazoo,You and Me Both (Remastered),0.843,0.645,10,-8.252,0,0.0407,0.0754,0.000608,0.0926,0.908,142.549,222787,38,"['new romantic', ' new wave', ' new wave pop', ' synthpop']",57,492096,1983
Around My Dream,Silver Pozzoli,Disco and Dance Hits Made in Italy,0.694,0.872,5,-7.217,0,0.0415,0.0389,0.0302,0.362,0.89,110.468,215360,22,['italian disco'],33,7459,2012
Se Dice De Mi,Tita Merello,Serie De Oro,0.583,0.528,4,-9.067,0,0.268,0.856,0.0,0.527,0.446,92.766,208133,41,"['tango', ' tango cancion', ' vintage tango']",34,24066,1979
"Burning Heart - From ""Rocky IV"" Soundtrack",Survivor,Survivor Greatest Hits,0.652,0.609,9,-9.684,0,0.028,0.298,8.79e-06,0.0573,0.646,98.125,230107,67,"['album rock', ' hard rock', ' rock', ' soft rock']",68,903850,1993
It`s Raining Men (live),The Weather Girls,"Muscles, Men & More",0.609,0.912,5,-6.868,0,0.0367,0.0255,2.94e-05,0.371,0.617,137.003,310400,39,"['disco', ' hi-nrg']",56,137386,2007
Ni Más Ni Menos - Remastered 2014,Los Chichos,40 + 1 Aniversario 1973-2014,0.556,0.924,0,-2.813,0,0.213,0.556,2.87e-06,0.208,0.947,99.216,210210,44,"['pop flamenco', ' rumba']",54,218256,2014
When the Rain Begins to Fall,Jermaine Jackson,Jermaine Jackson (Expanded Edition),0.672,0.854,0,-6.741,0,0.0301,0.00716,1.62e-06,0.117,0.725,153.579,250000,59,"['disco', ' funk', ' post-disco', ' quiet storm', ' urban contemporary']",49,123156,1984
All Shook Up,Billy Joel,Collected Additional Masters,0.635,0.832,0,-8.235,1,0.0699,0.583,1.41e-05,0.203,0.878,151.623,128333,38,"['classic rock', ' mellow gold', ' piano rock', ' rock', ' singer-songwriter', ' soft rock']",77,4653010,2011
Ameno - Remix,ERA,Era I 2002,0.69,0.812,1,-7.452,0,0.0327,0.165,4.15e-05,0.0905,0.251,102.824,227133,52,['new age'],56,338956,2002
The Best - Edit,Tina Turner,Open Arms,0.68,0.701,0,-10.46,1,0.0275,0.0341,0.00479,0.114,0.824,103.789,253593,61,"['disco', ' new wave pop', ' soft rock']",69,3118475,2004
What's Love Got to Do with It - 2015 Remaster,Tina Turner,Private Dancer (30th Anniversary Issue),0.855,0.48,1,-8.902,1,0.0588,0.254,2.16e-05,0.151,0.798,97.793,230240,65,"['disco', ' new wave pop', ' soft rock']",69,3118475,1984
Private Dancer - 2015 Remaster,Tina Turner,Private Dancer (30th Anniversary Issue),0.587,0.572,2,-9.656,1,0.0413,0.363,0.0871,0.0915,0.471,115.466,434373,58,"['disco', ' new wave pop', ' soft rock']",69,3118475,1984
Proud Mary,Tina Turner,What's Love Got to Do with It?,0.397,0.499,2,-10.972,1,0.0685,0.0766,1.55e-06,0.111,0.367,171.067,327400,66,"['disco', ' new wave pop', ' soft rock']",69,3118475,1993
Shot Through The Heart,Bon Jovi,Bon Jovi,0.435,0.931,9,-5.055,0,0.0725,0.0418,0.000293,0.0846,0.387,153.475,265933,54,"['glam metal', ' rock']",78,11329509,1984
Persiana Americana - Remasterizado 2007,Soda Stereo,Signos (Remastered),0.603,0.929,4,-4.549,0,0.0407,0.0121,0.00217,0.131,0.537,101.208,292267,70,"['argentine rock', ' latin alternative', ' latin rock', ' post-punk argentina', ' rock en espanol', ' ska argentino']",74,7151830,1986
She Works Hard for the Money - Live,Donna Summer,VH1 Presents Live & More Encore!,0.666,0.972,8,-2.313,0,0.0388,0.00825,0.00019,0.351,0.764,136.002,271507,28,"['dance pop', ' disco', ' hi-nrg', ' new wave pop']",64,1608888,1999
Sobreviviendo (with Victor Heredia),La Beriso,Sobreviviendo (with Victor Heredia),0.359,0.6,1,-5.903,1,0.0318,0.572,0.0,0.164,0.251,154.154,379507,52,['argentine rock'],59,1783581,2015
Dust in the Wind,Kansas,Point Of Know Return (Expanded Edition),0.475,0.322,7,-10.687,1,0.0283,0.367,0.00056,0.11,0.387,93.503,206267,77,"['album rock', ' art rock', ' classic rock', ' hard rock', ' heartland rock', ' mellow gold', ' progressive rock', ' rock', ' soft rock', ' symphonic rock']",66,1287338,1977
Deja la Vida Volar,Rodrigo Montero,Deja la Vida Volar,0.813,0.325,4,-10.617,0,0.0636,0.875,0.000113,0.0922,0.214,119.979,224789,24,['[]'],11,615,2020
Beds Are Burning,Midnight Oil,Diesel And Dust,0.758,0.41,0,-11.8,1,0.0404,0.013,0.000101,0.0875,0.339,119.197,254627,48,"['australian rock', ' rock']",60,683521,1986
Pop Corn,Marsheaux,Ebay Queen,0.719,0.949,2,-6.288,0,0.0345,0.004,0.857,0.0791,0.861,130.007,254733,35,"['futurepop', ' neo-synthpop']",35,26805,2004
Palomitas de maíz,Los Pekenikes,Pop Corn,0.461,0.986,8,-3.031,1,0.14,0.00607,0.897,0.126,0.64,132.833,156533,33,['spanish invasion'],29,28943,1972
La Calle Es Su Lugar,GIT,Vol I,0.644,0.508,9,-13.678,1,0.0433,0.107,8.3e-05,0.15,0.883,155.633,266787,60,"['argentine rock', ' latin alternative', ' latin rock', ' post-punk argentina', ' rock en espanol', ' rock nacional']",55,208638,1986
Amor Clasificado,Rodrigo,Soy Cordobes,0.462,0.928,9,-6.09,1,0.0453,0.272,3.74e-06,0.781,0.927,160.236,344280,60,"['argentine rock', ' cuarteto', ' cumbia villera', ' rock en espanol']",60,1400370,2011
Oro y plata - En vivo,Noelia Moncada,Encanto Negra (En vivo),0.571,0.572,8,-6.468,1,0.205,0.847,0.06,0.7,0.555,104.393,279365,1,['nuevo tango'],6,915,2019
Girls Just Want to Have Fun,Cyndi Lauper,She's So Unusual,0.71,0.799,6,-4.897,1,0.0328,0.22,0.000602,0.349,0.725,120.372,238267,79,"['disco', ' new wave pop', ' permanent wave', ' soft rock']",70,2120085,1983
Midnight Radio,Hedwig And The Angry Inch - Original Broadway Cast,Hedwig And The Angry Inch Original Broadway Cast Recording,0.354,0.689,0,-5.133,1,0.0326,0.0145,0.0,0.0847,0.139,147.539,330400,21,['broadway'],32,8453,2010
Medley Gilda - En Vivo en el Gran Rex,Los Totora,Juntos (En Vivo en el Gran Rex),0.617,0.835,9,-5.536,1,0.0517,0.0188,2.61e-06,0.752,0.476,104.103,347460,45,['cumbia pop'],52,272117,2019
Lambada - Original Version 1989,Kaoma,Lambada - Les originaux No. 1 de l'été (Original 1989),0.756,0.8,5,-5.158,1,0.0329,0.211,0.000724,0.0466,0.967,118.924,207467,70,"['europop', ' zouk']",55,47115,1989
Dreams (Will Come Alive),2 Brothers On The 4th Floor,Dreams,0.702,0.953,7,-6.347,0,0.0473,0.0113,0.00193,0.266,0.507,134.027,264000,65,"['bubblegum dance', ' eurodance', ' europop', ' happy hardcore', ' hip house']",53,87551,1994
Bella Señora,Emmanuel,Lo Esencial,0.874,0.824,1,-8.172,1,0.0351,0.294,0.0,0.248,0.946,120.971,280493,45,"['latin pop', ' mexican pop', ' ranchera', ' rock en espanol']",68,2291286,2005
Arrival to Earth,Steve Jablonsky,Transformers: The Score,0.103,0.384,0,-16.401,0,0.0556,0.549,0.897,0.111,0.0747,79.262,326773,60,"['epicore', ' scorecore', ' soundtrack', ' video game music']",57,165701,2007
He's a Pirate,Klaus Badelt,Pirates of the Caribbean: The Curse of the Black Pearl (Original Motion Picture Soundtrack),0.465,0.687,10,-10.964,1,0.0495,0.0206,0.929,0.121,0.13,70.507,90427,65,"['german soundtrack', ' orchestral soundtrack', ' soundtrack']",62,106411,2003
"Por Una Cabeza (From ""Scent Of A Woman"")",Cristina Kiseleff,Epic Movie Music,0.22,0.631,7,-3.282,0,0.0351,0.892,0.577,0.121,0.423,104.621,132654,0,"['classify', ' pop violin']",28,2887,2016
Marcha Turca,Orquesta de Pulso y Pua de la Universidad Complutense de Madrid,Homenaje a Santiago Lopez Hernandez,0.58,0.513,9,-8.33,1,0.0324,0.474,0.00181,0.129,0.726,120.089,227973,6,['[]'],5,178,2015
Always,Bon Jovi,Cross Road,0.383,0.659,4,-5.558,1,0.0312,0.117,0.0,0.0778,0.327,140.795,353027,76,"['glam metal', ' rock']",78,11329509,1994
Tonight I'm Yours (Don't Hurt Me),Rod Stewart,Tonight I'm Yours (Expanded Edition),0.68,0.826,9,-4.958,1,0.0671,0.0683,0.444,0.0861,0.963,158.314,251867,48,"['mellow gold', ' soft rock']",72,3806475,1981
Ramón,Kapanga,A 15 Cm De La Realidad,0.309,0.926,11,-4.245,0,0.0883,0.00905,4.36e-05,0.228,0.74,153.269,254787,46,"['argentine reggae', ' argentine rock', ' latin alternative', ' latin rock', ' rock en espanol', ' rock nacional', ' ska argentino']",50,439136,1998
Walk Of Life - Live Version,Dire Straits,On The Night,0.356,0.979,4,-6.617,1,0.0603,0.0179,0.119,0.956,0.712,176.98,306067,50,"['album rock', ' classic rock', ' mellow gold', ' rock', ' soft rock']",75,6109261,1993
Everlasting,Survivor,Vital Signs,0.443,0.62,9,-11.105,0,0.0432,0.565,2.09e-06,0.0742,0.406,132.763,230973,25,"['album rock', ' hard rock', ' rock', ' soft rock']",68,903850,1984
Chacarera del 55,Rodrigo Montero,Chacarera del 55,0.743,0.433,7,-10.271,1,0.123,0.731,8.7e-05,0.0813,0.417,150.175,136459,3,['[]'],11,615,2020
No One Like You,Scorpions,Deadly Sting: The Mercury Years,0.508,0.578,9,-11.806,0,0.0402,0.0137,1.85e-05,0.147,0.825,118.161,236667,36,"['album rock', ' german hard rock', ' german metal', ' german rock', ' hard rock', ' metal', ' rock']",73,5851726,1997
Send Me An Angel,Scorpions,Crazy World,0.153,0.417,1,-11.587,1,0.0318,0.434,0.000622,0.211,0.166,80.87,273333,69,"['album rock', ' german hard rock', ' german metal', ' german rock', ' hard rock', ' metal', ' rock']",73,5851726,1990
Let's Twist Again,Chubby Checker,It's Pony Time/Let's Twist Again,0.604,0.709,8,-6.377,1,0.158,0.0987,0.0,0.0551,0.907,167.832,137360,68,"['adult standards', ' brill building pop', ' bubblegum pop', ' rock-and-roll', ' rockabilly']",56,282015,1961
Gajito de Cedrón,Rodrigo Montero,Gajito de Cedrón,0.567,0.235,0,-9.192,1,0.0889,0.903,0.0,0.105,0.518,87.658,168597,4,['[]'],11,615,2020
"Vivaldi Variation (Arr. for Piano from Concerto for Strings in G Minor, RV 156)",Antonio Vivaldi,"Vivaldi Variation (Arr. for Piano from Concerto for Strings in G Minor, RV 156)",0.429,0.258,7,-16.967,0,0.0549,0.957,0.893,0.115,0.0972,78.809,112353,65,"['baroque', ' classical', ' early music', ' italian baroque']",70,2048911,2018
Black Velvet,Alannah Myles,Alannah Myles,0.754,0.366,8,-10.07,1,0.0312,0.273,9.04e-05,0.106,0.469,91.147,287440,71,"['classic canadian rock', ' new wave pop']",55,86781,1989
Husavik (My Hometown),Will Ferrell,Eurovision Song Contest: The Story of Fire Saga (Music from the Netflix Film),0.509,0.46,6,-8.474,1,0.0335,0.523,0.0,0.112,0.291,133.016,202286,60,['[]'],47,12637,2020
Conquest of Paradise,Vangelis,1492: Conquest of Paradise,0.43,0.295,2,-14.255,1,0.0283,0.698,0.569,0.226,0.159,74.014,278200,62,"['cyberpunk', ' synthesizer']",59,524328,1992
The Show Must Go On - Remastered 2011,Queen,Innuendo (2011 Remaster),0.426,0.687,11,-6.926,0,0.0329,0.409,0.0,0.112,0.189,84.141,277827,68,"['classic rock', ' glam rock', ' rock']",85,43254583,1991
Don't Stop Me Now - Remastered 2011,Queen,Jazz (2011 Remaster),0.559,0.868,5,-5.276,1,0.17,0.0475,0.000176,0.776,0.609,156.295,209413,82,"['classic rock', ' glam rock', ' rock']",85,43254583,1978
"The Show Must Go On - Live At The O2, London, UK, 04/07/2018",Queen,"The Show Must Go On (Live At The O2, London, UK, 04/07/2018)",0.201,0.802,11,-6.696,0,0.0447,0.0907,0.0,0.773,0.299,165.372,257788,0,"['classic rock', ' glam rock', ' rock']",85,43254583,2020
Amor de la Salada,Rocío Quiroz,Sobreviviendo,0.718,0.779,2,-1.657,0,0.0334,0.819,1.19e-06,0.0697,0.872,87.991,196859,1,['cumbia pop'],45,132774,2017
"Poco Asado, Mucho Humo",Rocío Quiroz,La Voz de los Barrios,0.563,0.7,2,-2.887,1,0.102,0.631,0.0,0.304,0.907,179.983,181334,35,['cumbia pop'],45,132774,2018
Despacito - Remix,Luis Fonsi,VIDA,0.649,0.798,2,-4.346,1,0.178,0.226,0.0,0.0711,0.857,177.899,230413,70,"['latin pop', ' puerto rican pop']",75,10649759,2019
"Cello Suite No. 1 in G Major, BWV 1007: I. Prélude",Johann Sebastian Bach,"Bach: Cello Suites Nos. 1, 5 & 6",0.275,0.157,7,-18.752,1,0.0636,0.89,0.842,0.186,0.304,73.289,152280,69,"['baroque', ' classical', ' early music', ' german baroque']",77,3735569,1983
The Mission: Gabriel's Oboe,Ennio Morricone,Yo-Yo Ma Plays Ennio Morricone (Remastered),0.161,0.261,2,-13.907,1,0.0376,0.978,0.902,0.134,0.0477,70.282,192067,54,"['classic soundtrack', ' italian soundtrack', ' orchestral soundtrack', ' vintage italian soundtrack']",65,947669,2004
Hallelujah,Brooklyn Duo,Brooklyn Sessions V,0.152,0.167,0,-13.536,1,0.0376,0.983,0.88,0.12,0.064,81.973,276796,38,['classify'],53,154853,2016
"The Last of the Mohicans (From ""O Último dos Moicanos"")",Various Artists,100 Maior Filme Temas,0.194,0.391,2,-12.777,0,0.0336,0.714,0.878,0.122,0.119,100.723,159440,17,['[]'],0,1612941,2012
Sinnerman,Nina Simone,Pastel Blues,0.436,0.543,11,-13.351,0,0.0962,0.654,9.35e-06,0.0937,0.663,148.282,622000,62,"['jazz blues', ' soul', ' soul jazz', ' torch song', ' vocal jazz']",68,2447780,1965
Sinnerman (feat. Alice Smith),Lovecraft Country Cast,Lovecraft Country (Soundtrack From The HBO® Original Series),0.462,0.461,9,-9.227,1,0.0398,0.109,2.92e-05,0.0938,0.232,139.795,107470,29,['[]'],15,159,2020
El Sensei,simonbrito.dj,El Sensei,0.742,0.296,0,-13.921,1,0.0576,0.761,0.0,0.218,0.831,91.34,410598,0,['[]'],0,51,2020
Perfect Day,Lou Reed,Transformer,0.4,0.267,10,-12.488,1,0.0323,0.744,0.00734,0.103,0.0872,144.799,225000,67,"['art rock', ' classic rock', ' glam rock', ' permanent wave', ' psychedelic rock', ' rock', ' singer-songwriter']",62,1573474,1972
My Life Is a Party - Club Mix,ItaloBrothers,My Life Is a Party,0.803,0.488,0,-6.495,1,0.0567,0.00875,0.00167,0.0728,0.881,128.023,303431,24,"['dance pop', ' eurodance', ' hands up', ' italo dance', ' pop dance']",62,396040,2012
Laid,Matt Nathanson,American Wedding,0.565,0.89,0,-5.481,1,0.0285,0.00537,6.61e-05,0.213,0.744,119.862,182827,50,"['acoustic pop', ' neo mellow', ' pop rock']",57,358787,2003
The Sound of Silence - Acoustic Version,Simon & Garfunkel,"Wednesday Morning, 3 A.M.",0.525,0.216,6,-13.551,1,0.0301,0.837,0.0,0.107,0.328,106.761,185413,73,"['classic rock', ' folk', ' folk rock', ' melancholia', ' mellow gold', ' rock']",71,4294750,1964
The Sound of Silence,Simon & Garfunkel,The Singer,0.535,0.225,6,-13.865,1,0.0301,0.869,1.57e-06,0.0988,0.338,107.384,184787,61,"['classic rock', ' folk', ' folk rock', ' melancholia', ' mellow gold', ' rock']",71,4294750,2012
L'orange - Remasterisé en 2016,Gilbert Bécaud,1963 - 1965 : Les 45 tours,0.435,0.794,5,-7.164,1,0.0512,0.427,0.0,0.579,0.85,81.856,169800,1,['chanson'],47,182892,2021
L'horloge tourne,Mickael Miro,25 Ans Ultratop,0.658,0.664,0,-5.715,0,0.0289,0.61,0.0,0.0957,0.452,116.017,205973,31,['french pop'],37,17797,2020
Resistiré,Duo Dinamico,En Forma,0.75,0.742,5,-10.184,0,0.027,0.187,0.0,0.0712,0.653,95.872,241627,54,"['cancion melodica', ' cantautor', ' pop romantico', ' spanish pop']",47,191494,1988
Désolé pour hier soir XXV - Remix 2020,Tryo,Désolé pour hier soir XXV (Remix 2020),0.766,0.818,0,-6.792,0,0.0789,0.165,0.0,0.158,0.689,109.997,205643,48,"['chanson', ' chanson virale', ' french pop', ' french reggae', ' french rock']",53,474711,2020
Busindre Reel,Hevia,Tierra De Nadie,0.49,0.82,0,-9.342,0,0.0514,0.00345,0.624,0.13,0.247,108.01,273427,45,"['celtic', ' gaita', ' musica folk asturiana']",34,32680,1998
Yo Te Diré,Miranda!,El Templo del Pop,0.917,0.98,11,-4.087,0,0.0382,0.00472,0.0142,0.128,0.94,127.017,206053,61,"['electronica argentina', ' latin alternative', ' latin pop', ' pop electronico', ' rock en espanol']",68,890256,2008
edamame (feat. Rich Brian),bbno$,edamame (feat. Rich Brian),0.815,0.848,4,-4.704,0,0.115,0.023,0.000162,0.0265,0.684,106.032,133707,76,"['canadian hip hop', ' dark trap', ' vapor trap']",75,1123882,2021
Zambita del Musiquero,Rocío Sanjurjo Abalos,Zambita del Musiquero,0.513,0.514,9,-6.698,0,0.165,0.796,0.0,0.222,0.389,170.659,200363,3,['[]'],6,129,2021
Pepas,Farruko,La 167,0.762,0.766,7,-3.955,1,0.0343,0.00776,6.98e-05,0.128,0.442,130.001,287120,74,"['latin hip hop', ' reggaeton', ' trap latino']",85,14165635,2021
Casa Amarela [feat. Fred & Gustavo] - Ao Vivo,Munhoz & Mariano,Ao Vivo Em Campo Grande - Vol. II,0.581,0.976,9,-2.613,1,0.116,0.139,0.0,0.936,0.744,124.081,156307,30,"['sertanejo', ' sertanejo pop', ' sertanejo universitario']",48,1603744,2012
À nos souvenirs,Trois Cafés Gourmands,Un air de rien,0.676,0.856,1,-4.609,0,0.134,0.305,0.0,0.0955,0.455,133.847,192990,0,"['francoton', ' french pop']",54,368811,2018
Señorita,Shawn Mendes,Shawn Mendes (Deluxe),0.759,0.548,9,-6.049,0,0.029,0.0392,0.0,0.0828,0.749,116.967,190800,80,"['canadian pop', ' dance pop', ' pop', ' viral pop']",85,39579574,2019
Nobody's Fool,Cinderella,Night Songs,0.367,0.445,9,-13.615,0,0.0286,0.0478,0.00284,0.199,0.149,67.197,286627,1,"['album rock', ' glam metal', ' hard rock', ' metal', ' rock']",59,1451386,1986
Valhalla Calling - Duet Version,Miracle Of Sound,Valhalla Calling (Duet Version),0.477,0.791,11,-7.74,0,0.0456,0.0085,0.0,0.165,0.35,152.053,240759,64,['irish metal'],61,210118,2021
You Spin Me Round (Like A Record) - Radio Edit,Standy,You Spin Me Round (Like A Record),0.691,0.946,7,-2.811,0,0.0437,0.00708,0.0736,0.301,0.387,128.94,176744,62,['[]'],49,1659,2020
La Di Da,Standy,La Di Da,0.706,0.899,3,-3.013,1,0.0541,0.00241,3.95e-05,0.313,0.512,133.02,163759,55,['[]'],49,1659,2020
Running Up That Hill,Kilian K,Running Up That Hill,0.695,0.536,0,-9.337,0,0.0495,0.0479,5.66e-05,0.148,0.446,120.004,133210,66,['slap house'],55,4556,2022
El Pescador,Totó La Momposina,La Candela Viva,0.488,0.718,10,-9.128,0,0.112,0.774,0.0,0.687,0.813,170.74,247307,49,"['chicha', ' cumbia', ' folclor afrocolombiano', ' latin alternative', ' porro']",53,109415,1993
Californication,Red Hot Chili Peppers,Californication (Deluxe Edition),0.592,0.767,9,-2.788,0,0.027,0.0021,0.00165,0.127,0.328,96.483,329733,82,"['alternative rock', ' funk metal', ' funk rock', ' permanent wave']",83,18540718,1999
Black Summer,Red Hot Chili Peppers,Unlimited Love,0.417,0.682,1,-5.071,1,0.0295,0.0267,0.000669,0.109,0.351,105.542,232412,66,"['alternative rock', ' funk metal', ' funk rock', ' permanent wave']",83,18540718,2022
Snow (Hey Oh),Red Hot Chili Peppers,Stadium Arcadium,0.427,0.9,11,-3.674,1,0.0499,0.116,1.75e-05,0.119,0.599,104.655,334667,80,"['alternative rock', ' funk metal', ' funk rock', ' permanent wave']",83,18540718,2006
Under the Bridge,Red Hot Chili Peppers,Blood Sugar Sex Magik (Deluxe Edition),0.559,0.345,4,-13.496,1,0.0459,0.0576,0.000105,0.141,0.458,84.581,264307,82,"['alternative rock', ' funk metal', ' funk rock', ' permanent wave']",83,18540718,1991
Sea Shanty Medley,Home Free,Sea Shanty Medley,0.561,0.692,4,-5.71,1,0.0551,0.253,0.0,0.125,0.898,140.554,234362,68,['a cappella'],58,318948,2021
Go West - 2003 Remaster,Pet Shop Boys,PopArt: The Hits,0.535,0.951,7,-5.859,1,0.0373,0.0174,9.61e-06,0.345,0.444,120.72,304080,64,"['art pop', ' dance rock', ' europop', ' new romantic', ' new wave', ' new wave pop', ' permanent wave', ' synthpop']",67,1457542,2003
Triste Canción De Amor,La Renga,A Donde Me Lleva La Vida,0.438,0.794,9,-8.948,0,0.0497,0.00521,3.47e-06,0.0657,0.521,140.495,307387,55,"['argentine rock', ' latin alternative', ' latin rock', ' rock en espanol', ' rock nacional']",62,1334832,1994
Canto Nochero,Los Nocheros,"Carnaval, Pasión del Norte",0.64,0.713,11,-4.903,0,0.115,0.418,0.0,0.0878,0.811,86.446,202053,36,"['argentine rock', ' folclore salteno', ' folklore argentino']",56,514292,2011
C'était mieux avant,Mikael Vigneau,C'était mieux avant,0.783,0.756,0,-4.413,1,0.0403,0.0109,0.0,0.0567,0.971,130.018,178470,35,['variete francaise'],18,322,2019
Pinta,Bizarrap,Pinta,0.733,0.896,9,-3.25,1,0.157,0.187,0.0,0.0671,0.941,88.059,177950,60,"['argentine hip hop', ' pop venezolano', ' trap argentino']",86,7449300,2022
La Cola,Los Palmeras,Tiempo De Bailar,0.778,0.79,9,-5.024,0,0.0601,0.355,0.0,0.119,0.871,93.054,169250,59,"['cumbia santafesina', ' cumbia villera']",65,1558999,2016
Leña para el Carbon,El Jarra,Leña para el Carbon,0.885,0.55,6,-8.368,0,0.0773,0.0359,0.00015,0.0542,0.834,102.007,154540,0,['[]'],29,1245,2019
El Parrandero,Los Palmeras,Sean Eternos Los Palmeras,0.703,0.871,9,-3.643,1,0.18,0.56,0.0,0.0755,0.906,132.271,166772,33,"['cumbia santafesina', ' cumbia villera']",65,1558999,2019
La Cumbita,Tambó Tambó,Grandes Exitos,0.84,0.65,2,-7.556,1,0.0678,0.112,7.19e-05,0.117,0.747,92.698,194533,0,['cumbia villera'],49,109547,2013
Mi Tierra Tucumana,"Gladys ""La bomba tucumana""",La Nº 1,0.916,0.467,11,-10.911,0,0.143,0.506,0.0,0.101,0.937,109.058,199093,3,['[]'],35,14032,1991
"Villano Antillano: Bzrp Music Sessions, Vol. 51",Bizarrap,"Villano Antillano: Bzrp Music Sessions, Vol. 51",0.82,0.752,1,-7.635,0,0.0648,0.0584,0.00417,0.628,0.423,127.999,187500,85,"['argentine hip hop', ' pop venezolano', ' trap argentino']",86,7449300,2022
Arriba Arriba - Extended Mix,Dik Lewis,Arriba Arriba (Extended Mix),0.832,0.68,7,-7.081,1,0.064,0.0037,0.00709,0.0374,0.826,130.017,315692,24,['[]'],30,1801,2012
Layla,Derek & The Dominos,The Cream Of Clapton,0.406,0.647,5,-11.806,1,0.0531,0.501,0.304,0.305,0.257,114.013,430667,30,"['album rock', ' art rock', ' blues', ' blues rock', ' british blues', ' classic rock', ' country rock', ' electric blues', ' folk rock', ' hard rock', ' mellow gold', ' psychedelic rock', ' rock', ' roots rock', ' singer-songwriter', ' soft rock', ' symphonic rock']",59,596232,1995
"L'Ultima Volta - From ""Malamondo""",Ennio Morricone,The French Dispatch (Original Soundtrack),0.536,0.86,4,-10.376,1,0.0359,0.0838,0.494,0.4,0.651,101.089,154187,32,['[]'],15,83,2021
Tu M'as Trop Menti,Chantal Goya,The French Dispatch (Original Soundtrack),0.401,0.882,9,-6.584,0,0.12,0.189,0.758,0.0973,0.602,103.99,107307,37,['ye ye'],38,15540,2021
J'en déduis que je t'aime,Charles Aznavour,The French Dispatch (Original Soundtrack),0.403,0.291,0,-8.243,0,0.0348,0.752,0.0,0.159,0.669,79.555,185293,35,['chanson'],62,1070685,2021
"Adagio - Bande originale du film ""Compte à rebours""",Georges Delerue,The French Dispatch (Original Soundtrack),0.254,0.358,9,-8.981,1,0.0338,0.692,0.163,0.108,0.362,140.712,193867,30,"['classic soundtrack', ' french soundtrack', ' soundtrack']",40,17452,2021
Le chant des sirènes,Fréro Delavega,Hits chanson française,0.73,0.474,7,-9.537,1,0.0351,0.669,2.85e-05,0.099,0.625,123.895,178987,38,"['francoton', ' french pop']",51,412798,2020
Rainbow Tour,Michael Cerveris,Evita (New Broadway Cast Recording (2012)),0.577,0.493,4,-8.973,1,0.0559,0.412,0.0,0.137,0.469,136.024,295680,17,"['broadway', ' show tunes']",31,2302,2012
Rainbow High,Elena Roger,Evita (New Broadway Cast Recording (2012)),0.4,0.531,7,-6.963,0,0.0383,0.665,0.0,0.151,0.441,80.466,156987,21,['[]'],32,9482,2012
L'ours,Christophe Maé,Ma vie d'artiste Unplugged,0.687,0.572,5,-8.931,1,0.0583,0.219,0.000876,0.12,0.579,96.03,259840,42,"['chanson', ' francoton', ' french pop']",53,524245,2020
Boquerón Abandonado,Savia Andina,Lo Mejor de Savia Andina (Música Boliviana),0.696,0.266,7,-15.285,1,0.0799,0.547,0.402,0.215,0.506,85.919,214907,35,"['folklore boliviano', ' musica andina']",42,66807,2014
El Coya Dance,La Cantada,Carnavalito,0.769,0.853,1,-6.358,0,0.0714,0.0488,0.0,0.0763,0.858,97.982,155160,22,"['folclore jujeno', ' folklore nuevo argentino']",27,3417,2016
Les crevettes pailletées,Frédéric Kooshmanian,Les crevettes pailletées (Bande originale du film),0.58,0.367,11,-12.39,0,0.0319,0.0141,0.942,0.0871,0.331,120.005,101413,3,['[]'],27,228,2019
Sous le vent,Garou,Les crevettes pailletées (Bande originale du film),0.412,0.446,11,-9.533,1,0.0461,0.517,0.0,0.0789,0.303,69.923,209933,0,"['chanson', ' french pop']",53,280115,2019
Boys - Summertime love,Romain Brau,Les crevettes pailletées (Bande originale du film),0.891,0.685,1,-9.126,1,0.0381,0.0259,0.0,0.314,0.826,119.853,197760,19,['[]'],10,89,2019
"My Heart Will Go On - Love Theme from ""Titanic""",Céline Dion,Let's Talk About Love,0.428,0.276,4,-11.729,1,0.0312,0.732,5.33e-06,0.117,0.0382,99.195,280000,74,['canadian pop'],74,6657621,1997
Hold Me,NOISETIME,Hold Me,0.61,0.876,10,-4.381,0,0.0365,0.0158,0.000147,0.147,0.199,125.964,151270,54,['[]'],48,12898,2021
"Holding Out For A Hero (From ""Shrek 2"")",L.A Band,The Ogre Hit List,0.445,0.837,7,-5.502,0,0.0808,0.04,0.0,0.741,0.204,150.2,236149,50,['[]'],35,489,2014
I'm Good (Blue),David Guetta,I'm Good (Blue),0.561,0.965,7,-3.673,0,0.0343,0.00383,7.07e-06,0.371,0.304,128.04,175238,98,"['big room', ' dance pop', ' edm', ' pop', ' pop dance']",90,24873496,2022
Halo,Prezioso,Halo,0.645,0.915,8,-4.751,1,0.0553,0.0181,3.66e-06,0.279,0.344,101.226,156000,62,"['eurodance', ' italo dance']",67,82580,2022
Extasy,Klaas,Extasy,0.553,0.793,6,-6.783,1,0.0799,0.00335,5.51e-05,0.199,0.139,143.221,155245,57,"['edm', ' german dance', ' pop dance', ' pop house']",66,104461,2022
Rasputin,Majestic,Rasputin,0.758,0.913,6,-2.926,0,0.113,0.00364,6.92e-05,0.193,0.658,128.04,186210,79,"['house', ' pop dance', ' tropical house', ' uk dance']",65,46472,2021
Obsesion,Aventura,We Broke The Rules,0.804,0.56,1,-6.912,0,0.0397,0.416,0.0,0.0608,0.768,133.682,254720,75,"['bachata', ' bachata dominicana', ' latin hip hop', ' latin pop', ' trap latino', ' tropical']",78,6508474,2002
Lavate La Cara,Mr. Gato,Los Señores De La Cumbia,0.836,0.76,10,-5.907,1,0.0447,0.293,3.18e-06,0.0909,0.766,92.16,169000,51,['cumbia villera'],38,18657,1998
La Bamba,Los Lobos,La Bamba / Charlena,0.506,0.764,0,-12.239,1,0.046,0.144,0.00025,0.247,0.868,156.336,174187,67,['roots rock'],58,131077,1987
